<?xml version="1.0" ?><list><model.Barang><name>Sepatu gunung airprotec</name><imgSrc>file:/C:/Users/X/Pictures/Image%20for%20siAgung/sepatu%20gunung%20Offroard%20(Aieprotec).jpg</imgSrc><price>900000</price><qty>0</qty><deskripsi>Sepatu Gunung yang cocok untuk 
medan terjal seperti Pegunungan</deskripsi><ori>false</ori><dikemas>false</dikemas><dikirim>false</dikirim><diterima>false</diterima></model.Barang><model.Barang><name>Sepatu Antik</name><imgSrc>file:/C:/Users/LENOVO/Downloads/sepatugunung.png</imgSrc><price>200000</price><qty>0</qty><deskripsi>Sangat Tahan</deskripsi><ori>false</ori><dikemas>false</dikemas><dikirim>false</dikirim><diterima>false</diterima></model.Barang></list>