<?xml version="1.0" ?><model.Keranjang><keranjang><model.ItemKeranjang><b><name>Pisau Hutan Serbaguna</name><imgSrc>/image/1943175_c1960313_1ae9_473e_89e1_f476f3fa8391.jpg</imgSrc><price>67000</price><color>b81a1a</color><qty>20</qty><deskripsi>Sangat awt</deskripsi><ori>true</ori><dikemas>false</dikemas><dikirim>false</dikirim><diterima>false</diterima></b><jumlah>3</jumlah></model.ItemKeranjang><model.ItemKeranjang><b><name>Sepatu Antik</name><imgSrc>file:/C:/Users/LENOVO/Downloads/sepatugunung.png</imgSrc><price>200000</price><color>6b6b6b</color><qty>0</qty><ori>false</ori><dikemas>false</dikemas><dikirim>false</dikirim><diterima>false</diterima></b><jumlah>0</jumlah></model.ItemKeranjang><model.ItemKeranjang><b><name>Sepatu Antik</name><imgSrc>file:/C:/Users/LENOVO/Downloads/sepatugunung.png</imgSrc><price>200000</price><color>6b6b6b</color><qty>0</qty><ori>false</ori><dikemas>false</dikemas><dikirim>false</dikirim><diterima>false</diterima></b><jumlah>0</jumlah></model.ItemKeranjang></keranjang><total>201000</total></model.Keranjang>