<?xml version="1.0" ?><linked-list><konfirmasipembelian.Data><kurir>SICEPAT</kurir><pembayaran>INDOMARET</pembayaran><alamat>uii</alamat><kode>Label[id=isi4, styleClass=label]'7820963 '</kode></konfirmasipembelian.Data><konfirmasipembelian.Data><kurir>JNE</kurir><pembayaran>INDOMARET</pembayaran><alamat>yuiytuiy</alamat><kode>Label[id=isi4, styleClass=label]'2034285 '</kode></konfirmasipembelian.Data><konfirmasipembelian.Data><kurir>SICEPAT</kurir><pembayaran>INDOMARET</pembayaran><alamat>asdf</alamat><kode>Label[id=isi4, styleClass=label]'7313604 '</kode></konfirmasipembelian.Data><konfirmasipembelian.Data><kurir>SICEPAT</kurir><pembayaran>BRI</pembayaran><alamat>asd</alamat><kode>Label[id=isi4, styleClass=label]'1454211 '</kode></konfirmasipembelian.Data><konfirmasipembelian.Data><nama>devano</nama><kurir>SICEPAT</kurir><pembayaran>INDOMARET</pembayaran><alamat>UII</alamat><kode>Label[id=isi4, styleClass=label]'9367444 '</kode></konfirmasipembelian.Data><konfirmasipembelian.Data><nama>devano</nama><kurir>SICEPAT</kurir><pembayaran>INDOMARET</pembayaran><alamat>UII</alamat><kode>Label[id=isi4, styleClass=label]'1089997 '</kode></konfirmasipembelian.Data><konfirmasipembelian.Data><nama>devano</nama><kurir>JNT</kurir><pembayaran>BRI</pembayaran><alamat>Kudus</alamat><kode>Label[id=isi4, styleClass=label]'4815806 '</kode></konfirmasipembelian.Data><konfirmasipembelian.Data><nama>devano</nama><kurir>SICEPAT</kurir><pembayaran>BRI</pembayaran><alamat>UII</alamat><kode>Label[id=isi4, styleClass=label]'10835298 '</kode></konfirmasipembelian.Data><konfirmasipembelian.Data><nama>devano</nama><kurir>SICEPAT</kurir><pembayaran>INDOMARET</pembayaran><alamat>alamatku</alamat><kode>Label[id=isi4, styleClass=label]'2979738 '</kode></konfirmasipembelian.Data><konfirmasipembelian.Data><nama>devano</nama><kurir>SICEPAT</kurir><pembayaran>ALFAMART</pembayaran><alamat>wqe</alamat><kode>Label[id=isi4, styleClass=label]'2645587 '</kode></konfirmasipembelian.Data></linked-list>