<?xml version="1.0" ?><com.sun.javafx.collections.ObservableListWrapper><listenerHelper class="com.sun.javafx.collections.ListListenerHelper$Generic"><changeListeners><javafx.collections.WeakListChangeListener><ref><referent class="null"></referent><queue class="java.lang.ref.ReferenceQueue$Null"><lock></lock><queueLength>0</queueLength></queue></ref></javafx.collections.WeakListChangeListener><javafx.collections.WeakListChangeListener><ref><referent class="null"></referent><queue class="java.lang.ref.ReferenceQueue$Null" reference="../../../javafx.collections.WeakListChangeListener/ref/queue"></queue></ref></javafx.collections.WeakListChangeListener><javafx.collections.WeakListChangeListener><ref><referent class="null"></referent><queue class="java.lang.ref.ReferenceQueue$Null" reference="../../../javafx.collections.WeakListChangeListener/ref/queue"></queue></ref></javafx.collections.WeakListChangeListener><null></null></changeListeners><invalidationSize>0</invalidationSize><changeSize>3</changeSize><locked>false</locked></listenerHelper><changeBuilder><list class="com.sun.javafx.collections.ObservableListWrapper" reference="../.."></list><changeLock>0</changeLock><addRemoveChanges></addRemoveChanges></changeBuilder><backingList><model.Barang><name>Sepatu gunung airprotec</name><imgSrc>file:/C:/Users/X/Pictures/Image%20for%20siAgung/sepatu%20gunung%20Offroard%20(Aieprotec).jpg</imgSrc><price>900000</price><qty>0</qty><deskripsi>Sepatu Gunung yang cocok untuk 
medan terjal seperti Pegunungan</deskripsi><ori>false</ori><dikemas>false</dikemas><dikirim>false</dikirim><diterima>false</diterima></model.Barang><model.Barang><name>Sepatu Antik</name><imgSrc>file:/C:/Users/LENOVO/Downloads/sepatugunung.png</imgSrc><price>200000</price><qty>0</qty><deskripsi>Sangat Tahan</deskripsi><ori>false</ori><dikemas>false</dikemas><dikirim>false</dikirim><diterima>false</diterima></model.Barang></backingList></com.sun.javafx.collections.ObservableListWrapper>