<?xml version="1.0" ?><com.sun.javafx.collections.ObservableListWrapper><listenerHelper class="com.sun.javafx.collections.ListListenerHelper$Generic"><changeListeners><javafx.collections.WeakListChangeListener><ref><referent class="null"></referent><queue class="java.lang.ref.ReferenceQueue$Null"><lock></lock><queueLength>0</queueLength></queue></ref></javafx.collections.WeakListChangeListener><javafx.collections.WeakListChangeListener><ref><referent class="null"></referent><queue class="java.lang.ref.ReferenceQueue$Null" reference="../../../javafx.collections.WeakListChangeListener/ref/queue"></queue></ref></javafx.collections.WeakListChangeListener><javafx.collections.WeakListChangeListener><ref><referent class="null"></referent><queue class="java.lang.ref.ReferenceQueue$Null" reference="../../../javafx.collections.WeakListChangeListener/ref/queue"></queue></ref></javafx.collections.WeakListChangeListener><null></null></changeListeners><invalidationSize>0</invalidationSize><changeSize>3</changeSize><locked>false</locked></listenerHelper><changeBuilder><list class="com.sun.javafx.collections.ObservableListWrapper" reference="../.."></list><changeLock>0</changeLock><addRemoveChanges></addRemoveChanges></changeBuilder><backingList><konfirmasipembelian.Data><kurir>SICEPAT</kurir><pembayaran>INDOMARET</pembayaran><alamat>uii</alamat><kode>Label[id=isi4, styleClass=label]'7820963 '</kode></konfirmasipembelian.Data><konfirmasipembelian.Data><kurir>JNE</kurir><pembayaran>INDOMARET</pembayaran><alamat>yuiytuiy</alamat><kode>Label[id=isi4, styleClass=label]'2034285 '</kode></konfirmasipembelian.Data><konfirmasipembelian.Data><kurir>SICEPAT</kurir><pembayaran>INDOMARET</pembayaran><alamat>asdf</alamat><kode>Label[id=isi4, styleClass=label]'7313604 '</kode></konfirmasipembelian.Data><konfirmasipembelian.Data><kurir>SICEPAT</kurir><pembayaran>BRI</pembayaran><alamat>asd</alamat><kode>Label[id=isi4, styleClass=label]'1454211 '</kode></konfirmasipembelian.Data><konfirmasipembelian.Data><nama>devano</nama><kurir>SICEPAT</kurir><pembayaran>INDOMARET</pembayaran><alamat>UII</alamat><kode>Label[id=isi4, styleClass=label]'9367444 '</kode></konfirmasipembelian.Data><konfirmasipembelian.Data><nama>devano</nama><kurir>SICEPAT</kurir><pembayaran>INDOMARET</pembayaran><alamat>UII</alamat><kode>Label[id=isi4, styleClass=label]'1089997 '</kode></konfirmasipembelian.Data><konfirmasipembelian.Data><nama>devano</nama><kurir>JNT</kurir><pembayaran>BRI</pembayaran><alamat>Kudus</alamat><kode>Label[id=isi4, styleClass=label]'4815806 '</kode></konfirmasipembelian.Data><konfirmasipembelian.Data><nama>devano</nama><kurir>SICEPAT</kurir><pembayaran>BRI</pembayaran><alamat>UII</alamat><kode>Label[id=isi4, styleClass=label]'10835298 '</kode></konfirmasipembelian.Data></backingList></com.sun.javafx.collections.ObservableListWrapper>